"id","email","firstname","lastname","region","province","city","age","industry","yearsOfExperience","position","dateAdded","isAgeViewable","isDeleted","applicantID_id"
"1","ameerah_villarreal@email.com","Ameerah","Villarreal","VII","Cebu","Cebu","30","Technology","18","Software engineer","2021-06-23 21:37:45.871997","1","0","1"
"2","larry.portillo@email.com","Larry","Portillo","VII","Cebu","Lapu-Lapu","43","Technology","10","Data scientist","2021-06-23 21:40:23.256281","1","0","2"
"3","usmaan_simons@email.com","Usmaan","Simons","VII","Cebu","Cebu","31","BPO","5","Technical Support","2021-06-23 21:40:58.637007","1","0","3"
"4","adil_lane@email.com","Adil","Lane","VII","Cebu","Cebu","43","Education","5","Dean","2021-06-23 21:41:53.828896","1","0","4"
"5","pearl_cresswell@email.com","Pearl","Cresswell","VII","Cebu","Mandaue","33","Technology","10","Technician","2021-06-23 21:42:54.294740","0","0","5"
"6","zakariyah.rosas32@email.com","Zakariyah","Rosas","VII","Cebu","Lapu-Lapu","23","Hospitality Management","1","House Keepingg","2021-06-23 21:43:55.466646","1","0","6"
"7","dougie_marks@email.com","Dougie","Marks","VII","Cebu","Mandaue","41","Hospitality Management","15","Event Manager","2021-06-23 21:45:49.728039","1","0","7"
"8","nimrah.wilkinson@email.com","Nimrah","Wilkinsons","VII","Cebu","Mandaue","37","Manufacturing","11","Quality control inspector","2021-06-23 21:47:00.006876","1","0","8"
"9","appleton.cherry@email.com","Cherry","Appleton","VII","Cebu","Mandaue","43","Manufacturing","13","Assembler","2021-06-23 21:47:26.297691","1","0","9"
"10","wyatt_amaya@email.com","Amaya","Wyatt","VII","Cebu","Cebu","38","Education","18","Secondary teacher","2021-06-23 21:48:05.026501","0","0","10"
"11","mikolaj_ratliff@email.com","Mikolaj","Ratliff","VII","Cebu","Lapu-Lapu","32","Technology","8","Electrician","2021-06-23 21:48:37.232499","1","0","11"
"12","barry.stevie@email.com","Barry","Stevie","VII","Cebu","Lapu-Lapu","43","Technology","16","Programmer","2021-06-23 21:49:10.059260","0","0","12"
"13","liya_devine@email.com","Liya","Devine","VII","Cebu","Cebu","41","Manufacturing","15","Programmer","2021-06-23 21:49:41.992679","1","0","13"
"14","ria.richardson@email.com","Ria","Richardson","VII","Cebu","Cebu","27","BPO","5","Reports Analyst","2021-06-23 21:50:28.712871","1","0","14"
"15","glenda_hall@email.com","Glenda","Hall","VII","Cebu","Cebu","43","Manufacturing","17","Tailor","2021-06-23 21:50:57.553380","1","0","15"
"16","rosie_gillespie@email.com","Rosie","Gillepsie","VII","Cebu","Lapu-Lapu","23","BPO","1","Call Center","2021-06-23 21:51:20.167155","1","0","16"
"17","ford.matthias@email.com","Matthias","Ford","VII","Cebu","Lapu-Lapu","32","BPO","13","Call Center","2021-06-23 21:51:42.077196","1","0","17"
"18","inaaya_mill@email.com","Inaaya","Mill","VII","Cebu","Mandaue","27","Education","5","Primary Education","2021-06-23 21:52:04.538577","1","0","18"
"19","blundwell.aisling@email.com","Aisling","Blundwell","VII","Cebu","Mandaue","26","Hospitality Management","4","Waiter","2021-06-23 21:52:30.052684","1","0","19"
"20","fowler_macey@email.com","Macey","Fowler","VII","Cebu","Cebu","30","Education","6","Principal","2021-06-23 21:52:56.587359","1","0","20"
"21","lillie_mai.drummond@email.com","Lillie","Drummond","VII","Cebu","Mandaue","37","BPO","9","Customer Support","2021-06-23 21:53:29.182899","1","0","21"
"22","tomi.brook@email.com","Tomi","Brook","VII","Cebu","Mandaue","44","BPO","21","Team Manager","2021-06-23 21:53:55.592748","0","0","22"
"23","jeremiah_o.quinn@email.com","Jeremiah","Quinn","VII","Cebu","Lapu-Lapu","45","BPO","15","Team Leader","2021-06-23 21:54:17.255472","1","0","23"
"24","mack_searle@email.com","Mack","Searle","VII","Cebu","Lapu-Lapu","26","Education","3","Primary Education","2021-06-23 21:54:47.251726","1","0","24"
"25","ebonie.hood@email.com","Ebonie","Hood","VII","Cebu","Lapu-Lapu","23","Education","1","Primary","2021-06-23 21:55:20.842734","1","0","25"
"26","sue_hoofman@email.com","Sue","Hoofman","VII","Cebu","Cebu","45","Education","15","Doctorate","2021-06-23 21:56:19.598905","1","0","26"
"27","petty.tasneem@email.com","Petty","Tasneem","VII","Cebu","Lapu-Lapu","28","Hospitality Management","5","Sales and Marketing Department","2021-06-23 21:57:03.619500","1","0","27"
"28","dawe.larissa@email.com","Larissa","Dawe","VII","Cebu","Mandaue","31","Hospitality Management","7","Planning Analyst","2021-06-23 21:57:37.434115","1","0","28"
"29","kaye_yara@email.com","Kaye","Yara","VII","Cebu","Cebu","29","Technology","5","Software Engineer","2021-06-23 21:58:25.755850","1","0","29"
"30","burt_cherish@email.com","Burt","Cherish","VII","Cebu","Cebu","45","Hospitality Management","20","Global Insights Manager","2021-06-23 21:58:57.421365","1","0","30"
"31","jeniffer_ramsey@email.com","Jeniffer","Ramsey","VII","Cebu","Cebu","37","Hospitality Management","9","Operations Manager","2021-06-23 21:59:33.997383","1","0","31"
"32","arjun.lancaster@email.com","Arjun","Lancaster","VII","Cebu","Mandaue","26","Technology","3","Software Developer","2021-06-23 22:00:10.895278","1","0","32"
"33","kiki_wiggins@email.com","Kiki","Wiggins","VII","Cebu","Mandaue","29","Manufacturing","6","Welder","2021-06-23 22:00:33.034466","1","0","33"
"34","haigh.alys@email.com","Alys","Haigh","VII","Cebu","Lapu-Lapu","23","Technology","1","Web Developer","2021-06-23 22:00:52.989289","1","0","34"
"35","wynn_zack@email.com","Zack","Wynn","VII","Cebu","Lapu-Lapu","43","Technology","13","Computer Systems Analyst","2021-06-23 22:01:25.730785","1","0","35"
"36","mosley_elvis@email.com","Elvis","Mosley","VII","Cebu","Lapu-Lapu","38","Education","12","Secondary Literature","2021-06-23 22:02:46.593505","0","0","36"
"37","mari_wade@email.com","Mari","Wade","VII","Cebu","Cebu","24","Manufacturing","4","Wood Worker","2021-06-23 22:03:12.246209","1","0","37"
"38","kaila.alexander@email.com","Alexander","Kaila","VII","Cebu","Mandaue","36","Education","14","Higher Education","2021-06-23 22:03:46.742799","1","0","38"
"39","heath_yusha@email.com","Heath","Yusha","VII","Cebu","Mandaue","29","BPO","6","Tech Care Specialist","2021-06-23 22:04:12.810431","1","0","39"
